iter	MultiClass
0	0.3503008965
1	0.2244959871
2	0.1678980309
3	0.1426700413
4	0.1231183743
5	0.1159653868
6	0.1095521732
7	0.09954634151
